[
  {
    "name": "Max",
    "age": 29
  },
  {
    "name": "Manu",
    "age": 30
  },
  {
    "name": "Christoph",
    "age": 35
  },
  {
    "name": "Sandeep Kumar",
    "age": 28
  },
  {
    "name": "Maria",
    "age": 30
  },
  {
    "name": "Alex",
    "age": 27
  },
  {
    "name": "Devandra",
    "age": 47
  },
  {
    "name": "Sandra",
    "age": 33
  },
  {
    "name": "Elis",
    "age": 29
  },
  {
    "name": "Frank",
    "age": 41
  },
  {
    "name": "Karandeep kaur",
    "age": 48
  },
  {
    "name": "Michael",
    "age": 39
  },
  {
    "name": "Bernd",
    "age": 22
  },
  {
    "name": "Scott",
    "age": 44
  },
  {
    "name": "Freddy ",
    "age": 41
  },
  {
    "name": "Axel",
    "age": 35
  },
  {
    "name": "Melanie",
    "age": 27
  },
  {
    "name": "Arman",
    "age": 35
  },
  {
    "name": "Klaus",
    "age": 53
  },
  {
    "name": "Albert",
    "age": 68
  },
  {
    "name": "Jamel",
    "age": 38
  }
]
